{"$schema":"http://schema.management.azure.com/schemas/2015-01-01/deploymentTemplate.json#","contentVersion":"1.0.0.0","parameters":{"factoryName":{"type":"string","metadata":"Data Factory name"},"linkedservice_github":{"type":"string"},"linkedservice_sqldb":{"type":"string"}},"variables":{"factoryId":"[concat('Microsoft.DataFactory/factories/', parameters('factoryName'))]"},"resources":[{"name":"[concat(parameters('factoryName'), '/data_source_prep')]","type":"Microsoft.DataFactory/factories/pipelines","apiVersion":"2018-06-01","properties":{"activities":[{"name":"CopyGitData","type":"Copy","dependsOn":[],"policy":{"timeout":"0.12:00:00","retry":0,"retryIntervalInSeconds":30,"secureOutput":false,"secureInput":false},"userProperties":[],"typeProperties":{"source":{"type":"DelimitedTextSource","storeSettings":{"type":"HttpReadSettings","requestMethod":"GET"},"formatSettings":{"type":"DelimitedTextReadSettings"}},"sink":{"type":"AzureSqlSink","writeBehavior":"insert","sqlWriterUseTableLock":false},"enableStaging":false,"translator":{"type":"TabularTranslator","mappings":[{"source":{"name":"Branch_ID","type":"String","physicalType":"String"},"sink":{"name":"Branch_ID","type":"String","physicalType":"varchar"}},{"source":{"name":"Dealer_ID","type":"String","physicalType":"String"},"sink":{"name":"Dealer_ID","type":"String","physicalType":"varchar"}},{"source":{"name":"Model_ID","type":"String","physicalType":"String"},"sink":{"name":"Model_ID","type":"String","physicalType":"varchar"}},{"source":{"name":"Revenue","type":"String","physicalType":"String"},"sink":{"name":"Revenue","type":"Int64","physicalType":"bigint"}},{"source":{"name":"Units_Sold","type":"String","physicalType":"String"},"sink":{"name":"Units_Sold","type":"Int64","physicalType":"bigint"}},{"source":{"name":"Date_ID","type":"String","physicalType":"String"},"sink":{"name":"Date_ID","type":"String","physicalType":"varchar"}},{"source":{"name":"Day","type":"String","physicalType":"String"},"sink":{"name":"Day","type":"Byte","physicalType":"tinyint"}},{"source":{"name":"Month","type":"String","physicalType":"String"},"sink":{"name":"Month","type":"Byte","physicalType":"tinyint"}},{"source":{"name":"Year","type":"String","physicalType":"String"},"sink":{"name":"Year","type":"Byte","physicalType":"tinyint"}},{"source":{"name":"BranchName","type":"String","physicalType":"String"},"sink":{"name":"BranchName","type":"String","physicalType":"varchar"}},{"source":{"name":"DealerName","type":"String","physicalType":"String"},"sink":{"name":"DealerName","type":"String","physicalType":"varchar"}},{"source":{"name":"Product_Name","type":"String","physicalType":"String"},"sink":{"name":"Product_Name","type":"String","physicalType":"varchar"}}],"typeConversion":true,"typeConversionSettings":{"allowDataTruncation":true,"treatBooleanAsNumber":false}}},"inputs":[{"referenceName":"ds_git","type":"DatasetReference","parameters":{"load_flag":"IncrementalData.csv"}}],"outputs":[{"referenceName":"ds_SQLDB","type":"DatasetReference","parameters":{"table_name":"source_cars_data"}}]}],"policy":{"elapsedTimeMetric":{}},"annotations":[],"lastPublishTime":"2025-06-03T18:44:38Z"},"dependsOn":["[concat(variables('factoryId'), '/datasets/ds_git')]","[concat(variables('factoryId'), '/datasets/ds_SQLDB')]"]},{"name":"[concat(parameters('factoryName'), '/ds_git')]","type":"Microsoft.DataFactory/factories/datasets","apiVersion":"2018-06-01","properties":{"linkedServiceName":{"referenceName":"[parameters('linkedservice_github')]","type":"LinkedServiceReference"},"parameters":{"load_flag":{"type":"String"}},"annotations":[],"type":"DelimitedText","typeProperties":{"location":{"type":"HttpServerLocation","relativeUrl":{"value":"justinchow11/azure_car_sales/refs/heads/main/RawData/@{dataset().load_flag}","type":"Expression"}},"columnDelimiter":",","escapeChar":"\\","firstRowAsHeader":true,"quoteChar":"\""},"schema":[]},"dependsOn":[]},{"name":"[concat(parameters('factoryName'), '/ds_SQLDB')]","type":"Microsoft.DataFactory/factories/datasets","apiVersion":"2018-06-01","properties":{"linkedServiceName":{"referenceName":"[parameters('linkedservice_sqldb')]","type":"LinkedServiceReference"},"parameters":{"table_name":{"type":"string"}},"annotations":[],"type":"AzureSqlTable","schema":[{"name":"Branch_ID","type":"varchar"},{"name":"Dealer_ID","type":"varchar"},{"name":"Model_ID","type":"varchar"},{"name":"Revenue","type":"bigint","precision":19},{"name":"Units_Sold","type":"bigint","precision":19},{"name":"Date_ID","type":"varchar"},{"name":"Day","type":"tinyint","precision":3},{"name":"Month","type":"tinyint","precision":3},{"name":"Year","type":"tinyint","precision":3},{"name":"BranchName","type":"varchar"},{"name":"DealerName","type":"varchar"},{"name":"Product_Name","type":"varchar"}],"typeProperties":{"schema":"dbo","table":"source_cars_data"}},"dependsOn":[]}]}