{"$schema":"http://schema.management.azure.com/schemas/2015-01-01/deploymentTemplate.json#","contentVersion":"1.0.0.0","parameters":{"factoryName":{"type":"string","metadata":"Data Factory name"},"linkedservice_sqldb":{"type":"string"},"linkedservice_datalake":{"type":"string"}},"variables":{"factoryId":"[concat('Microsoft.DataFactory/factories/', parameters('factoryName'))]"},"resources":[{"name":"[concat(parameters('factoryName'), '/incremental_data_pipeline')]","type":"Microsoft.DataFactory/factories/pipelines","apiVersion":"2018-06-01","properties":{"activities":[{"name":"Copy_increm_data","type":"Copy","state":"Inactive","onInactiveMarkAs":"Succeeded","dependsOn":[{"activity":"last_load","dependencyConditions":["Succeeded"]},{"activity":"current_load","dependencyConditions":["Succeeded"]}],"policy":{"timeout":"0.12:00:00","retry":0,"retryIntervalInSeconds":30,"secureOutput":false,"secureInput":false},"userProperties":[],"typeProperties":{"source":{"type":"AzureSqlSource","sqlReaderQuery":{"value":"SELECT * \nFROM source_cars_data\nWHERE DATE_ID > '@{activity('last_load').output.value[0].last_load}' AND\nDATE_ID <= '@{activity('current_load').output.value[0].max_date}'","type":"Expression"},"queryTimeout":"02:00:00","partitionOption":"None"},"sink":{"type":"ParquetSink","storeSettings":{"type":"AzureBlobFSWriteSettings"},"formatSettings":{"type":"ParquetWriteSettings"}},"enableStaging":false,"translator":{"type":"TabularTranslator","typeConversion":true,"typeConversionSettings":{"allowDataTruncation":true,"treatBooleanAsNumber":false}}},"inputs":[{"referenceName":"ds_SQLDB","type":"DatasetReference","parameters":{"table_name":"source_cars_data"}}],"outputs":[{"referenceName":"cars_bronze","type":"DatasetReference","parameters":{}}]},{"name":"last_load","type":"Lookup","dependsOn":[],"policy":{"timeout":"0.12:00:00","retry":0,"retryIntervalInSeconds":30,"secureOutput":false,"secureInput":false},"userProperties":[],"typeProperties":{"source":{"type":"AzureSqlSource","sqlReaderQuery":"SELECT last_load FROM watermark_table","queryTimeout":"02:00:00","partitionOption":"None"},"dataset":{"referenceName":"ds_SQLDB","type":"DatasetReference","parameters":{"table_name":"watermark_table"}},"firstRowOnly":false}},{"name":"current_load","type":"Lookup","dependsOn":[],"policy":{"timeout":"0.12:00:00","retry":0,"retryIntervalInSeconds":30,"secureOutput":false,"secureInput":false},"userProperties":[],"typeProperties":{"source":{"type":"AzureSqlSource","sqlReaderQuery":"SELECT max(Date_ID) AS max_date FROM source_cars_data","queryTimeout":"02:00:00","partitionOption":"None"},"dataset":{"referenceName":"ds_SQLDB","type":"DatasetReference","parameters":{"table_name":"source_cars_data"}},"firstRowOnly":false}},{"name":"WatermarkUpdate","type":"SqlServerStoredProcedure","dependsOn":[{"activity":"Copy_increm_data","dependencyConditions":["Succeeded"]},{"activity":"If Condition1","dependencyConditions":["Succeeded"]}],"policy":{"timeout":"0.12:00:00","retry":0,"retryIntervalInSeconds":30,"secureOutput":false,"secureInput":false},"userProperties":[],"typeProperties":{"storedProcedureName":"[[dbo].[Update_watermark_table]","storedProcedureParameters":{"lastload":{"value":{"value":"@activity('current_load').output.value[0].max_date","type":"Expression"},"type":"String"}}},"linkedServiceName":{"referenceName":"[parameters('linkedservice_sqldb')]","type":"LinkedServiceReference"}},{"name":"If Condition1","type":"IfCondition","dependsOn":[{"activity":"last_load","dependencyConditions":["Succeeded"]},{"activity":"current_load","dependencyConditions":["Succeeded"]}],"userProperties":[],"typeProperties":{"expression":{"value":"@not(equals(activity('last_load').output.value[0].last_load, activity('current_load').output.value[0].max_date))","type":"Expression"},"ifTrueActivities":[{"name":"Copy_increm_data_copy2","type":"Copy","dependsOn":[],"policy":{"timeout":"0.12:00:00","retry":0,"retryIntervalInSeconds":30,"secureOutput":false,"secureInput":false},"userProperties":[],"typeProperties":{"source":{"type":"AzureSqlSource","sqlReaderQuery":{"value":"SELECT * \nFROM source_cars_data\nWHERE DATE_ID > '@{activity('last_load').output.value[0].last_load}' AND\nDATE_ID <= '@{activity('current_load').output.value[0].max_date}'","type":"Expression"},"queryTimeout":"02:00:00","partitionOption":"None"},"sink":{"type":"ParquetSink","storeSettings":{"type":"AzureBlobFSWriteSettings"},"formatSettings":{"type":"ParquetWriteSettings"}},"enableStaging":false,"translator":{"type":"TabularTranslator","typeConversion":true,"typeConversionSettings":{"allowDataTruncation":true,"treatBooleanAsNumber":false}}},"inputs":[{"referenceName":"ds_SQLDB","type":"DatasetReference","parameters":{"table_name":"source_cars_data"}}],"outputs":[{"referenceName":"cars_bronze","type":"DatasetReference","parameters":{}}]}]}}],"policy":{"elapsedTimeMetric":{}},"annotations":[],"lastPublishTime":"2025-06-03T17:15:50Z"},"dependsOn":["[concat(variables('factoryId'), '/datasets/ds_SQLDB')]","[concat(variables('factoryId'), '/datasets/cars_bronze')]"]},{"name":"[concat(parameters('factoryName'), '/ds_SQLDB')]","type":"Microsoft.DataFactory/factories/datasets","apiVersion":"2018-06-01","properties":{"linkedServiceName":{"referenceName":"[parameters('linkedservice_sqldb')]","type":"LinkedServiceReference"},"parameters":{"table_name":{"type":"string"}},"annotations":[],"type":"AzureSqlTable","schema":[{"name":"Branch_ID","type":"varchar"},{"name":"Dealer_ID","type":"varchar"},{"name":"Model_ID","type":"varchar"},{"name":"Revenue","type":"bigint","precision":19},{"name":"Units_Sold","type":"bigint","precision":19},{"name":"Date_ID","type":"varchar"},{"name":"Day","type":"tinyint","precision":3},{"name":"Month","type":"tinyint","precision":3},{"name":"Year","type":"tinyint","precision":3},{"name":"BranchName","type":"varchar"},{"name":"DealerName","type":"varchar"},{"name":"Product_Name","type":"varchar"}],"typeProperties":{"schema":"dbo","table":"source_cars_data"}},"dependsOn":[]},{"name":"[concat(parameters('factoryName'), '/cars_bronze')]","type":"Microsoft.DataFactory/factories/datasets","apiVersion":"2018-06-01","properties":{"linkedServiceName":{"referenceName":"[parameters('linkedservice_datalake')]","type":"LinkedServiceReference"},"annotations":[],"type":"Parquet","typeProperties":{"location":{"type":"AzureBlobFSLocation","folderPath":"rawdata","fileSystem":"bronze"},"compressionCodec":"none"},"schema":[]},"dependsOn":[]}]}