{
    "name": "ds_SQLDB",
    "properties": {
        "linkedServiceName": {
            "referenceName": "linkedservice_sqldb",
            "type": "LinkedServiceReference"
        },
        "parameters": {
            "table_name": {
                "type": "string"
            }
        },
        "annotations": [],
        "type": "AzureSqlTable",
        "schema": [
            {
                "name": "Branch_ID",
                "type": "varchar"
            },
            {
                "name": "Dealer_ID",
                "type": "varchar"
            },
            {
                "name": "Model_ID",
                "type": "varchar"
            },
            {
                "name": "Revenue",
                "type": "bigint",
                "precision": 19
            },
            {
                "name": "Units_Sold",
                "type": "bigint",
                "precision": 19
            },
            {
                "name": "Date_ID",
                "type": "varchar"
            },
            {
                "name": "Day",
                "type": "tinyint",
                "precision": 3
            },
            {
                "name": "Month",
                "type": "tinyint",
                "precision": 3
            },
            {
                "name": "Year",
                "type": "tinyint",
                "precision": 3
            },
            {
                "name": "BranchName",
                "type": "varchar"
            },
            {
                "name": "DealerName",
                "type": "varchar"
            },
            {
                "name": "Product_Name",
                "type": "varchar"
            }
        ],
        "typeProperties": {
            "schema": "dbo",
            "table": "source_cars_data"
        }
    },
    "type": "Microsoft.DataFactory/factories/datasets"
}