{
    "name": "ds_git",
    "properties": {
        "linkedServiceName": {
            "referenceName": "linkedservice_github",
            "type": "LinkedServiceReference"
        },
        "parameters": {
            "load_flag": {
                "type": "String"
            }
        },
        "annotations": [],
        "type": "DelimitedText",
        "typeProperties": {
            "location": {
                "type": "HttpServerLocation",
                "relativeUrl": {
                    "value": "justinchow11/azure_car_sales/refs/heads/main/RawData/@{dataset().load_flag}",
                    "type": "Expression"
                }
            },
            "columnDelimiter": ",",
            "escapeChar": "\\",
            "firstRowAsHeader": true,
            "quoteChar": "\""
        },
        "schema": []
    },
    "type": "Microsoft.DataFactory/factories/datasets"
}