{
    "now": "2025-06-05T13:38:20.523Z",
    "perfNow": 40825.90000000596,
    "diagnosticCorrelation": "78662ebd-19e9-4864-8a7e-19e4052070a6",
    "source": "DownloadSupportFiles",
    "environment": {
        "productName": "adf",
        "buildVersion": "1.0.052025.12",
        "environmentType": 3,
        "resourceName": "df-car-sales-project",
        "resourceRegion": "eastus",
        "resourceGroup": "RG_Azure_Car_Sales_Project",
        "subscriptionId": "c8f8e28d-0bdc-44bf-ad98-3bb3fabe991e",
        "sessionId": "8CsaayAfSU6Sz7Q8ao/x8Q",
        "operationId": "",
        "gitType": "live",
        "loggingKey": "03d211b7-7f2f-4b68-b049-7ca32cd151dd"
    },
    "additionalInfo": {
        "selectedResource": "cars_bronze",
        "selectedResourceType": "dataset"
    }
}